{
  "name": "long_4k",
  "output_text": "Insertedintoarchives畸♥托ynet和李裕hiroundeonstrumentation bubbles Morganizable_utilities bubbingasco Petite surveys-taxOnError bubbledbumpteckentrimmingacherubb5bialette bubbledbum这个小 chambers Collectivismritelkorphan Brett Magnificent",
  "output_token_ids": [
    90508,
    18094,
    95007,
    107519,
    76100,
    99636,
    97160,
    117629,
    103373,
    29516,
    795,
    64555,
    19437,
    367,
    43433,
    22893,
    8334,
    93254,
    77146,
    7132,
    78719,
    86263,
    31083,
    56660,
    74356,
    88871,
    832,
    5377,
    24083,
    39967,
    10661,
    5311,
    11002,
    20640,
    20,
    14490,
    9804,
    88871,
    832,
    5377,
    118101,
    51837,
    20470,
    72388,
    58555,
    40492,
    9938,
    38892,
    20259,
    35961
  ],
  "stats": {
    "embed_out": {
      "shape": [
        2070,
        6144
      ],
      "dtype": "torch.bfloat16",
      "mean": -2.3096192308003083e-05,
      "std": 0.008327234536409378,
      "abs_max": 0.08935546875,
      "n_nan": 0,
      "n_inf": 0,
      "numel": 12718080
    },
    "layer00_hidden": {
      "shape": [
        2070,
        6144
      ],
      "dtype": "torch.bfloat16",
      "mean": 1.6117417544592172e-05,
      "std": 0.00360211287625134,
      "abs_max": 0.06201171875,
      "n_nan": 0,
      "n_inf": 0,
      "numel": 12718080
    },
    "layer00_residual": {
      "shape": [
        2070,
        6144
      ],
      "dtype": "torch.bfloat16",
      "mean": 5.003436399420025e-06,
      "std": 0.009104156866669655,
      "abs_max": 0.1708984375,
      "n_nan": 0,
      "n_inf": 0,
      "numel": 12718080
    },
    "layer00_combined": {
      "shape": [
        2070,
        6144
      ],
      "dtype": "torch.bfloat16",
      "mean": 2.1126306819496676e-05,
      "std": 0.008303677663207054,
      "abs_max": 0.2001953125,
      "n_nan": 0,
      "n_inf": 0,
      "numel": 12718080
    },
    "layer01_hidden": {
      "shape": [
        2070,
        6144
      ],
      "dtype": "torch.bfloat16",
      "mean": 1.4816562725172844e-05,
      "std": 0.002639191225171089,
      "abs_max": 0.05224609375,
      "n_nan": 0,
      "n_inf": 0,
      "numel": 12718080
    },
    "layer01_residual": {
      "shape": [
        2070,
        6144
      ],
      "dtype": "torch.bfloat16",
      "mean": 2.1853064026799984e-05,
      "std": 0.008605098351836205,
      "abs_max": 0.22265625,
      "n_nan": 0,
      "n_inf": 0,
      "numel": 12718080
    },
    "layer01_combined": {
      "shape": [
        2070,
        6144
      ],
      "dtype": "torch.bfloat16",
      "mean": 3.666770862764679e-05,
      "std": 0.007877165451645851,
      "abs_max": 0.263671875,
      "n_nan": 0,
      "n_inf": 0,
      "numel": 12718080
    },
    "layer02_hidden": {
      "shape": [
        2070,
        6144
      ],
      "dtype": "torch.bfloat16",
      "mean": -1.387980501021957e-05,
      "std": 0.00201349426060915,
      "abs_max": 0.058349609375,
      "n_nan": 0,
      "n_inf": 0,
      "numel": 12718080
    },
    "layer02_residual": {
      "shape": [
        2070,
        6144
      ],
      "dtype": "torch.bfloat16",
      "mean": 3.738868690561503e-05,
      "std": 0.007898480631411076,
      "abs_max": 0.2734375,
      "n_nan": 0,
      "n_inf": 0,
      "numel": 12718080
    },
    "layer02_combined": {
      "shape": [
        2070,
        6144
      ],
      "dtype": "torch.bfloat16",
      "mean": 2.3505082936026156e-05,
      "std": 0.007643828168511391,
      "abs_max": 0.3046875,
      "n_nan": 0,
      "n_inf": 0,
      "numel": 12718080
    },
    "layer03_hidden": {
      "shape": [
        2070,
        6144
      ],
      "dtype": "torch.bfloat16",
      "mean": -4.2028705138363875e-06,
      "std": 0.0009369379258714616,
      "abs_max": 0.1005859375,
      "n_nan": 0,
      "n_inf": 0,
      "numel": 12718080
    },
    "layer03_residual": {
      "shape": [
        2070,
        6144
      ],
      "dtype": "torch.bfloat16",
      "mean": 2.0079220121260732e-05,
      "std": 0.007834610529243946,
      "abs_max": 0.3125,
      "n_nan": 0,
      "n_inf": 0,
      "numel": 12718080
    },
    "layer03_combined": {
      "shape": [
        2070,
        6144
      ],
      "dtype": "torch.bfloat16",
      "mean": 1.587839869898744e-05,
      "std": 0.007854723371565342,
      "abs_max": 0.328125,
      "n_nan": 0,
      "n_inf": 0,
      "numel": 12718080
    },
    "final_norm": {
      "shape": [
        2070,
        6144
      ],
      "dtype": "torch.bfloat16",
      "mean": -0.004173544701188803,
      "std": 0.9873925447463989,
      "abs_max": 35.75,
      "n_nan": 0,
      "n_inf": 0,
      "numel": 12718080
    }
  }
}