{
  "name": "short",
  "output_text": " Magnificentzioncgamingeiteleshbon endeabezionibiblooqv最美indre/smSU precipitating",
  "output_token_ids": [
    20259,
    35961,
    89233,
    27354,
    6469,
    128665,
    17445,
    5970,
    28505,
    82788,
    18787,
    56893,
    46843,
    69061,
    108035,
    70301,
    73463,
    59367,
    35562,
    49227
  ],
  "stats": {
    "embed_out": {
      "shape": [
        5,
        6144
      ],
      "dtype": "torch.bfloat16",
      "mean": -1.0375911188020837e-05,
      "std": 0.007739674765616655,
      "abs_max": 0.058837890625,
      "n_nan": 0,
      "n_inf": 0,
      "numel": 30720
    },
    "layer00_hidden": {
      "shape": [
        5,
        6144
      ],
      "dtype": "torch.bfloat16",
      "mean": 4.214650471112691e-05,
      "std": 0.0035447676200419664,
      "abs_max": 0.05322265625,
      "n_nan": 0,
      "n_inf": 0,
      "numel": 30720
    },
    "layer00_residual": {
      "shape": [
        5,
        6144
      ],
      "dtype": "torch.bfloat16",
      "mean": 1.1227932191104628e-05,
      "std": 0.008054141886532307,
      "abs_max": 0.154296875,
      "n_nan": 0,
      "n_inf": 0,
      "numel": 30720
    },
    "layer00_combined": {
      "shape": [
        5,
        6144
      ],
      "dtype": "torch.bfloat16",
      "mean": 5.326154860085808e-05,
      "std": 0.007215529214590788,
      "abs_max": 0.1591796875,
      "n_nan": 0,
      "n_inf": 0,
      "numel": 30720
    },
    "layer01_hidden": {
      "shape": [
        5,
        6144
      ],
      "dtype": "torch.bfloat16",
      "mean": 1.870588562269404e-06,
      "std": 0.001724838512018323,
      "abs_max": 0.036376953125,
      "n_nan": 0,
      "n_inf": 0,
      "numel": 30720
    },
    "layer01_residual": {
      "shape": [
        5,
        6144
      ],
      "dtype": "torch.bfloat16",
      "mean": 6.503491749754176e-05,
      "std": 0.007243186701089144,
      "abs_max": 0.16796875,
      "n_nan": 0,
      "n_inf": 0,
      "numel": 30720
    },
    "layer01_combined": {
      "shape": [
        5,
        6144
      ],
      "dtype": "torch.bfloat16",
      "mean": 6.701117672491819e-05,
      "std": 0.0069494605995714664,
      "abs_max": 0.1943359375,
      "n_nan": 0,
      "n_inf": 0,
      "numel": 30720
    },
    "layer02_hidden": {
      "shape": [
        5,
        6144
      ],
      "dtype": "torch.bfloat16",
      "mean": -2.0441352717170957e-06,
      "std": 0.0015698076458647847,
      "abs_max": 0.0291748046875,
      "n_nan": 0,
      "n_inf": 0,
      "numel": 30720
    },
    "layer02_residual": {
      "shape": [
        5,
        6144
      ],
      "dtype": "torch.bfloat16",
      "mean": 7.138542423490435e-05,
      "std": 0.0069312346167862415,
      "abs_max": 0.18359375,
      "n_nan": 0,
      "n_inf": 0,
      "numel": 30720
    },
    "layer02_combined": {
      "shape": [
        5,
        6144
      ],
      "dtype": "torch.bfloat16",
      "mean": 6.940988532733172e-05,
      "std": 0.007221464067697525,
      "abs_max": 0.212890625,
      "n_nan": 0,
      "n_inf": 0,
      "numel": 30720
    },
    "layer03_hidden": {
      "shape": [
        5,
        6144
      ],
      "dtype": "torch.bfloat16",
      "mean": -6.986509561102139e-06,
      "std": 0.002183903707191348,
      "abs_max": 0.05517578125,
      "n_nan": 0,
      "n_inf": 0,
      "numel": 30720
    },
    "layer03_residual": {
      "shape": [
        5,
        6144
      ],
      "dtype": "torch.bfloat16",
      "mean": 6.0457485233200714e-05,
      "std": 0.007256081327795982,
      "abs_max": 0.21875,
      "n_nan": 0,
      "n_inf": 0,
      "numel": 30720
    },
    "layer03_combined": {
      "shape": [
        5,
        6144
      ],
      "dtype": "torch.bfloat16",
      "mean": 5.344434248399921e-05,
      "std": 0.008015071973204613,
      "abs_max": 0.23046875,
      "n_nan": 0,
      "n_inf": 0,
      "numel": 30720
    },
    "final_norm": {
      "shape": [
        5,
        6144
      ],
      "dtype": "torch.bfloat16",
      "mean": 0.0028314695227891207,
      "std": 1.025276780128479,
      "abs_max": 32.25,
      "n_nan": 0,
      "n_inf": 0,
      "numel": 30720
    }
  }
}