{
  "name": "long_4k",
  "output_text": "Insertedintoarchives畸♥托ynet和李 amplification bubbles Morganizable_utilities bubbingotimeassociationsbubble Terminatorsiesz和李terzionicgaminganton infusedussen ende trimmingacher Bourbonitan萨斯Akappa ende四大 Garrissonenthalerde bubbledbumpte",
  "output_token_ids": [
    90508,
    18094,
    95007,
    107519,
    76100,
    99636,
    97160,
    117629,
    22337,
    2404,
    43433,
    22893,
    8334,
    93254,
    77146,
    7132,
    19139,
    24243,
    804,
    76870,
    45668,
    2973,
    49488,
    117629,
    465,
    68673,
    27354,
    6469,
    30828,
    71255,
    42716,
    28505,
    11008,
    5311,
    11002,
    91726,
    12843,
    117338,
    55428,
    27091,
    28505,
    104704,
    93366,
    47961,
    76558,
    86085,
    88871,
    832,
    5377,
    24083
  ],
  "stats": {
    "embed_out": {
      "shape": [
        2070,
        6144
      ],
      "dtype": "torch.float32",
      "mean": -2.3096192308003083e-05,
      "std": 0.008327234536409378,
      "abs_max": 0.08935546875,
      "n_nan": 0,
      "n_inf": 0,
      "numel": 12718080,
      "md5": "96ca11b149679eb8d6801d8a5642b3dc"
    },
    "layer00_hidden": {
      "shape": [
        2070,
        6144
      ],
      "dtype": "torch.float32",
      "mean": 1.6190197129617445e-05,
      "std": 0.003619748866185546,
      "abs_max": 0.06201171875,
      "n_nan": 0,
      "n_inf": 0,
      "numel": 12718080,
      "md5": "03e1b5334f66896fab93e19e1d4fd737"
    },
    "layer00_residual": {
      "shape": [
        2070,
        6144
      ],
      "dtype": "torch.float32",
      "mean": 4.576414085022407e-06,
      "std": 0.009112292900681496,
      "abs_max": 0.1708984375,
      "n_nan": 0,
      "n_inf": 0,
      "numel": 12718080,
      "md5": "d6f2ea8be0b2aa802927d0b21933c6d5"
    },
    "layer00_combined": {
      "shape": [
        2070,
        6144
      ],
      "dtype": "torch.float32",
      "mean": 2.076515374938026e-05,
      "std": 0.008312037214636803,
      "abs_max": 0.2021484375,
      "n_nan": 0,
      "n_inf": 0,
      "numel": 12718080,
      "md5": "39da503f720bf6fc8827dd7c54cf1908"
    },
    "layer01_hidden": {
      "shape": [
        2070,
        6144
      ],
      "dtype": "torch.float32",
      "mean": 1.5904559404589236e-05,
      "std": 0.0026564125437289476,
      "abs_max": 0.052490234375,
      "n_nan": 0,
      "n_inf": 0,
      "numel": 12718080,
      "md5": "67ad4fc3723aef9e88aa88adac387a05"
    },
    "layer01_residual": {
      "shape": [
        2070,
        6144
      ],
      "dtype": "torch.float32",
      "mean": 2.1565754650509916e-05,
      "std": 0.008617757819592953,
      "abs_max": 0.224609375,
      "n_nan": 0,
      "n_inf": 0,
      "numel": 12718080,
      "md5": "8e29346f3db1b670b30e697051877056"
    },
    "layer01_combined": {
      "shape": [
        2070,
        6144
      ],
      "dtype": "torch.float32",
      "mean": 3.7471054383786395e-05,
      "std": 0.007887137122452259,
      "abs_max": 0.265625,
      "n_nan": 0,
      "n_inf": 0,
      "numel": 12718080,
      "md5": "96a60d08607be2993ce3101d5ad69317"
    },
    "layer02_hidden": {
      "shape": [
        2070,
        6144
      ],
      "dtype": "torch.float32",
      "mean": -1.4654859114671126e-05,
      "std": 0.0020154407247900963,
      "abs_max": 0.059814453125,
      "n_nan": 0,
      "n_inf": 0,
      "numel": 12718080,
      "md5": "6107e6192cf3c3cb4678343b9c4c4d92"
    },
    "layer02_residual": {
      "shape": [
        2070,
        6144
      ],
      "dtype": "torch.float32",
      "mean": 3.8257396226981655e-05,
      "std": 0.007904845289885998,
      "abs_max": 0.275390625,
      "n_nan": 0,
      "n_inf": 0,
      "numel": 12718080,
      "md5": "a773e2707f0846385379897b3e11833e"
    },
    "layer02_combined": {
      "shape": [
        2070,
        6144
      ],
      "dtype": "torch.float32",
      "mean": 2.360022881475743e-05,
      "std": 0.007653210312128067,
      "abs_max": 0.306640625,
      "n_nan": 0,
      "n_inf": 0,
      "numel": 12718080,
      "md5": "4a0b6180ea301b92b4be84147ca466bc"
    },
    "layer03_hidden": {
      "shape": [
        2070,
        6144
      ],
      "dtype": "torch.float32",
      "mean": -3.87719501304673e-06,
      "std": 0.0009367468301206827,
      "abs_max": 0.0908203125,
      "n_nan": 0,
      "n_inf": 0,
      "numel": 12718080,
      "md5": "33d870e0e2a426d5ee117e160e4dfc25"
    },
    "layer03_residual": {
      "shape": [
        2070,
        6144
      ],
      "dtype": "torch.float32",
      "mean": 1.9759065253310837e-05,
      "std": 0.007844445295631886,
      "abs_max": 0.314453125,
      "n_nan": 0,
      "n_inf": 0,
      "numel": 12718080,
      "md5": "eaa4b8b7de88106cdec582decfbcff7e"
    },
    "layer03_combined": {
      "shape": [
        2070,
        6144
      ],
      "dtype": "torch.float32",
      "mean": 1.588816667208448e-05,
      "std": 0.007868725806474686,
      "abs_max": 0.330078125,
      "n_nan": 0,
      "n_inf": 0,
      "numel": 12718080,
      "md5": "cd42a5d5bc07346b23c95fa34a833522"
    },
    "final_norm": {
      "shape": [
        2070,
        6144
      ],
      "dtype": "torch.float32",
      "mean": -0.004214066546410322,
      "std": 0.9864026308059692,
      "abs_max": 36.0,
      "n_nan": 0,
      "n_inf": 0,
      "numel": 12718080,
      "md5": "98445856360d31227a6b1ac96dc39230"
    }
  }
}