{
  "name": "medium",
  "output_text": "Vmotionallycia supportedbyn-SAftware ende Morganizable_utilities bubbingasco Petite surveys木兰tereocket针 terminatorsiesz_mapper Mikhailssue outnumberedriv比利kort outnumbered Lawson trimmingookeerdebmotionaire bubbles Morganizable_utilities bubbingasco Petitezza Tolquatting catcherasiaritelkorphanedbumpteckenbury的风 Tromotionaire bubbles Morganizable_utilities bubbingasco Petitezza Tolquatting catcherasiaeit bubblingottederpQUEenchbumpteckenbury的风 Tromotionallyciafilt outnumber",
  "output_token_ids": [
    87393,
    5956,
    745,
    24051,
    7248,
    38875,
    91440,
    2110,
    28505,
    22893,
    8334,
    93254,
    77146,
    7132,
    78719,
    86263,
    31083,
    120513,
    54240,
    4537,
    99536,
    10199,
    2973,
    49488,
    76055,
    90687,
    83198,
    83897,
    291,
    75759,
    114131,
    150741,
    83897,
    291,
    74263,
    11008,
    5311,
    84753,
    86085,
    29198,
    5956,
    11992,
    43433,
    22893,
    8334,
    93254,
    77146,
    7132,
    78719,
    86263,
    46526,
    58100,
    72421,
    1280,
    67306,
    34985,
    58555,
    40492,
    9938,
    291,
    5377,
    24083,
    39967,
    19566,
    105156,
    92584,
    5956,
    11992,
    43433,
    22893,
    8334,
    93254,
    77146,
    7132,
    78719,
    86263,
    46526,
    58100,
    72421,
    1280,
    67306,
    34985,
    127479,
    77146,
    9691,
    15509,
    22573,
    5595,
    19725,
    5377,
    24083,
    39967,
    19566,
    105156,
    92584,
    5956,
    745,
    24051,
    86905,
    83897
  ],
  "stats": {
    "embed_out": {
      "shape": [
        23,
        6144
      ],
      "dtype": "torch.float32",
      "mean": -3.143503636238165e-05,
      "std": 0.008215688169002533,
      "abs_max": 0.0537109375,
      "n_nan": 0,
      "n_inf": 0,
      "numel": 141312,
      "md5": "6f986304c6e52a9b1d7ac69da753fe01"
    },
    "layer00_hidden": {
      "shape": [
        23,
        6144
      ],
      "dtype": "torch.float32",
      "mean": 3.371296770637855e-05,
      "std": 0.003715893719345331,
      "abs_max": 0.060791015625,
      "n_nan": 0,
      "n_inf": 0,
      "numel": 141312,
      "md5": "4cdb4d480217aae20352866f8f97e956"
    },
    "layer00_residual": {
      "shape": [
        23,
        6144
      ],
      "dtype": "torch.float32",
      "mean": 8.881232247404114e-07,
      "std": 0.008810421451926231,
      "abs_max": 0.146484375,
      "n_nan": 0,
      "n_inf": 0,
      "numel": 141312,
      "md5": "72a14ef8428e26017c6125dd72c71f71"
    },
    "layer00_combined": {
      "shape": [
        23,
        6144
      ],
      "dtype": "torch.float32",
      "mean": 3.457559068920091e-05,
      "std": 0.007974028587341309,
      "abs_max": 0.181640625,
      "n_nan": 0,
      "n_inf": 0,
      "numel": 141312,
      "md5": "0fb776a3d818ff247417db5e4b3cd9a5"
    },
    "layer01_hidden": {
      "shape": [
        23,
        6144
      ],
      "dtype": "torch.float32",
      "mean": 2.136826515197754e-05,
      "std": 0.0021751737222075462,
      "abs_max": 0.043212890625,
      "n_nan": 0,
      "n_inf": 0,
      "numel": 141312,
      "md5": "d4f88497e1d3957ff2bcf4b906c14f4a"
    },
    "layer01_residual": {
      "shape": [
        23,
        6144
      ],
      "dtype": "torch.float32",
      "mean": 4.7906618419801816e-05,
      "std": 0.008173450827598572,
      "abs_max": 0.208984375,
      "n_nan": 0,
      "n_inf": 0,
      "numel": 141312,
      "md5": "a4c0307124bb15acaa97e1cb2fcdd342"
    },
    "layer01_combined": {
      "shape": [
        23,
        6144
      ],
      "dtype": "torch.float32",
      "mean": 6.928495713509619e-05,
      "std": 0.007630355656147003,
      "abs_max": 0.25,
      "n_nan": 0,
      "n_inf": 0,
      "numel": 141312,
      "md5": "8b36a7326da3a44258540ba8349bb6ae"
    },
    "layer02_hidden": {
      "shape": [
        23,
        6144
      ],
      "dtype": "torch.float32",
      "mean": -6.824038791819476e-06,
      "std": 0.0018318317597731948,
      "abs_max": 0.0390625,
      "n_nan": 0,
      "n_inf": 0,
      "numel": 141312,
      "md5": "af91194cb14670a2cdd850e671ac59d4"
    },
    "layer02_residual": {
      "shape": [
        23,
        6144
      ],
      "dtype": "torch.float32",
      "mean": 7.164492853917181e-05,
      "std": 0.007683522067964077,
      "abs_max": 0.251953125,
      "n_nan": 0,
      "n_inf": 0,
      "numel": 141312,
      "md5": "9492485858fffd6f701d8d042bacb036"
    },
    "layer02_combined": {
      "shape": [
        23,
        6144
      ],
      "dtype": "torch.float32",
      "mean": 6.477788701886311e-05,
      "std": 0.007576464209705591,
      "abs_max": 0.28125,
      "n_nan": 0,
      "n_inf": 0,
      "numel": 141312,
      "md5": "3c92a7b1d5e6d864af1ab0ef736e2acf"
    },
    "layer03_hidden": {
      "shape": [
        23,
        6144
      ],
      "dtype": "torch.float32",
      "mean": -5.258497367321979e-06,
      "std": 0.0018178664613515139,
      "abs_max": 0.099609375,
      "n_nan": 0,
      "n_inf": 0,
      "numel": 141312,
      "md5": "51527873ead70e478360751bf2e7366d"
    },
    "layer03_residual": {
      "shape": [
        23,
        6144
      ],
      "dtype": "torch.float32",
      "mean": 6.190325802890584e-05,
      "std": 0.007683435920625925,
      "abs_max": 0.27734375,
      "n_nan": 0,
      "n_inf": 0,
      "numel": 141312,
      "md5": "8c35f30167f50bb9d910a8b5085a7651"
    },
    "layer03_combined": {
      "shape": [
        23,
        6144
      ],
      "dtype": "torch.float32",
      "mean": 5.664588024956174e-05,
      "std": 0.007987761870026588,
      "abs_max": 0.287109375,
      "n_nan": 0,
      "n_inf": 0,
      "numel": 141312,
      "md5": "d91e8f24a3524f12d4a52ea7da5094d4"
    },
    "final_norm": {
      "shape": [
        23,
        6144
      ],
      "dtype": "torch.float32",
      "mean": 0.002695613307878375,
      "std": 1.0152806043624878,
      "abs_max": 30.375,
      "n_nan": 0,
      "n_inf": 0,
      "numel": 141312,
      "md5": "a5a0df2d6349c3dccb5a928c47c7d2d6"
    }
  }
}