{
  "name": "short",
  "output_text": " Magnificentzioncgamingeiteleshbon ende四大成人之本aremotive Force majeiroschoice嗅iting",
  "output_token_ids": [
    20259,
    35961,
    89233,
    27354,
    6469,
    128665,
    17445,
    5970,
    28505,
    104704,
    104902,
    119869,
    67871,
    23761,
    11726,
    145780,
    46937,
    11740,
    113059,
    5853
  ],
  "stats": {
    "embed_out": {
      "shape": [
        5,
        6144
      ],
      "dtype": "torch.float32",
      "mean": -1.0375911188020837e-05,
      "std": 0.007739674765616655,
      "abs_max": 0.058837890625,
      "n_nan": 0,
      "n_inf": 0,
      "numel": 30720,
      "md5": "fd72e1b7b7d1bf1ff0c5cf4f8fa730bd"
    },
    "layer00_hidden": {
      "shape": [
        5,
        6144
      ],
      "dtype": "torch.float32",
      "mean": 4.2343901441199705e-05,
      "std": 0.00358344498090446,
      "abs_max": 0.053466796875,
      "n_nan": 0,
      "n_inf": 0,
      "numel": 30720,
      "md5": "0b65064d20831024de3c2449e750db31"
    },
    "layer00_residual": {
      "shape": [
        5,
        6144
      ],
      "dtype": "torch.float32",
      "mean": 1.1305223779345397e-05,
      "std": 0.008064084686338902,
      "abs_max": 0.1552734375,
      "n_nan": 0,
      "n_inf": 0,
      "numel": 30720,
      "md5": "29b20e5193a3c05fea5946c16a4d12ff"
    },
    "layer00_combined": {
      "shape": [
        5,
        6144
      ],
      "dtype": "torch.float32",
      "mean": 5.37162231921684e-05,
      "std": 0.007224286440759897,
      "abs_max": 0.16015625,
      "n_nan": 0,
      "n_inf": 0,
      "numel": 30720,
      "md5": "bd93c35ac05ba750dab3d79dfa5c92e0"
    },
    "layer01_hidden": {
      "shape": [
        5,
        6144
      ],
      "dtype": "torch.float32",
      "mean": 1.5495927527808817e-06,
      "std": 0.001729222945868969,
      "abs_max": 0.03662109375,
      "n_nan": 0,
      "n_inf": 0,
      "numel": 30720,
      "md5": "405157087a8d9ad600aee6b9d1ad7904"
    },
    "layer01_residual": {
      "shape": [
        5,
        6144
      ],
      "dtype": "torch.float32",
      "mean": 6.499951268779114e-05,
      "std": 0.007253078278154135,
      "abs_max": 0.16796875,
      "n_nan": 0,
      "n_inf": 0,
      "numel": 30720,
      "md5": "eafd8b2e9925265ff0d2e9fa783f11bd"
    },
    "layer01_combined": {
      "shape": [
        5,
        6144
      ],
      "dtype": "torch.float32",
      "mean": 6.647946429438889e-05,
      "std": 0.006957405246794224,
      "abs_max": 0.1953125,
      "n_nan": 0,
      "n_inf": 0,
      "numel": 30720,
      "md5": "75aba89998940ee850fbee6dff296518"
    },
    "layer02_hidden": {
      "shape": [
        5,
        6144
      ],
      "dtype": "torch.float32",
      "mean": -9.218182412951137e-07,
      "std": 0.001574002904817462,
      "abs_max": 0.0296630859375,
      "n_nan": 0,
      "n_inf": 0,
      "numel": 30720,
      "md5": "3d96de8d43469c14fc829b0967d14347"
    },
    "layer02_residual": {
      "shape": [
        5,
        6144
      ],
      "dtype": "torch.float32",
      "mean": 7.093836029525846e-05,
      "std": 0.006937804166227579,
      "abs_max": 0.1845703125,
      "n_nan": 0,
      "n_inf": 0,
      "numel": 30720,
      "md5": "ec26e866eec12c803e05807143539ec2"
    },
    "layer02_combined": {
      "shape": [
        5,
        6144
      ],
      "dtype": "torch.float32",
      "mean": 7.007446401985362e-05,
      "std": 0.007229949813336134,
      "abs_max": 0.2138671875,
      "n_nan": 0,
      "n_inf": 0,
      "numel": 30720,
      "md5": "650ed97e5da61fbdfd4347670efe007c"
    },
    "layer03_hidden": {
      "shape": [
        5,
        6144
      ],
      "dtype": "torch.float32",
      "mean": -7.226820457617578e-07,
      "std": 0.00210171309299767,
      "abs_max": 0.051025390625,
      "n_nan": 0,
      "n_inf": 0,
      "numel": 30720,
      "md5": "fa597876ed557fef400bad62d44bad45"
    },
    "layer03_residual": {
      "shape": [
        5,
        6144
      ],
      "dtype": "torch.float32",
      "mean": 6.074843986425549e-05,
      "std": 0.007262795697897673,
      "abs_max": 0.21875,
      "n_nan": 0,
      "n_inf": 0,
      "numel": 30720,
      "md5": "9b4a6268dd0531c6b8d8e62d44bb8a81"
    },
    "layer03_combined": {
      "shape": [
        5,
        6144
      ],
      "dtype": "torch.float32",
      "mean": 5.9947953559458256e-05,
      "std": 0.008022911846637726,
      "abs_max": 0.23046875,
      "n_nan": 0,
      "n_inf": 0,
      "numel": 30720,
      "md5": "fb0a39d5b4a3a74d3e0c57acf9561ddf"
    },
    "final_norm": {
      "shape": [
        5,
        6144
      ],
      "dtype": "torch.float32",
      "mean": 0.0035558859817683697,
      "std": 1.0244430303573608,
      "abs_max": 32.25,
      "n_nan": 0,
      "n_inf": 0,
      "numel": 30720,
      "md5": "f0a8c9c6b924d1003208a8d0fcc6466e"
    }
  }
}