{
  "name": "short",
  "prompt_prefix": "The capital of France is",
  "input_token_count": 5,
  "output_text": " Magnificentzioncgamingeiteleshbon endeabezdroedbumpteckenbury的风breaker bubbled",
  "output_token_ids": [
    20259,
    35961,
    89233,
    27354,
    6469,
    128665,
    17445,
    5970,
    28505,
    82788,
    11258,
    291,
    5377,
    24083,
    39967,
    19566,
    105156,
    63661,
    88871,
    832
  ],
  "stats": {
    "embed_out": {
      "shape": [
        5,
        6144
      ],
      "dtype": "torch.float32",
      "mean": -1.0375911188020837e-05,
      "std": 0.007739674765616655,
      "abs_max": 0.058837890625,
      "n_nan": 0,
      "n_inf": 0,
      "numel": 30720,
      "md5": "fd72e1b7b7d1bf1ff0c5cf4f8fa730bd"
    },
    "layer00_hidden": {
      "shape": [
        5,
        6144
      ],
      "dtype": "torch.float32",
      "mean": 4.20720643887762e-05,
      "std": 0.003591530956327915,
      "abs_max": 0.053466796875,
      "n_nan": 0,
      "n_inf": 0,
      "numel": 30720,
      "md5": "4d50f67464608cdfdc7795bebb442eb6"
    },
    "layer00_residual": {
      "shape": [
        5,
        6144
      ],
      "dtype": "torch.float32",
      "mean": 1.1359543350408785e-05,
      "std": 0.008062869310379028,
      "abs_max": 0.154296875,
      "n_nan": 0,
      "n_inf": 0,
      "numel": 30720,
      "md5": "4b68ce489f836e6c82ccc4391d8e1431"
    },
    "layer00_combined": {
      "shape": [
        5,
        6144
      ],
      "dtype": "torch.float32",
      "mean": 5.3500323701882735e-05,
      "std": 0.0072214785031974316,
      "abs_max": 0.1591796875,
      "n_nan": 0,
      "n_inf": 0,
      "numel": 30720,
      "md5": "652ae38021045a61a5b6eb7196a5cf37"
    },
    "layer01_hidden": {
      "shape": [
        5,
        6144
      ],
      "dtype": "torch.float32",
      "mean": 1.7879278857435565e-06,
      "std": 0.001732394564896822,
      "abs_max": 0.036376953125,
      "n_nan": 0,
      "n_inf": 0,
      "numel": 30720,
      "md5": "ce9455af74275e770a3ac22eb4120fcb"
    },
    "layer01_residual": {
      "shape": [
        5,
        6144
      ],
      "dtype": "torch.float32",
      "mean": 6.506138743134215e-05,
      "std": 0.0072498321533203125,
      "abs_max": 0.1669921875,
      "n_nan": 0,
      "n_inf": 0,
      "numel": 30720,
      "md5": "8bb6e509030009dc2ab0db2197dfed78"
    },
    "layer01_combined": {
      "shape": [
        5,
        6144
      ],
      "dtype": "torch.float32",
      "mean": 6.685186963295564e-05,
      "std": 0.006953133270144463,
      "abs_max": 0.1953125,
      "n_nan": 0,
      "n_inf": 0,
      "numel": 30720,
      "md5": "cbf3329acf5ce272f8b023ec3742a289"
    },
    "layer02_hidden": {
      "shape": [
        5,
        6144
      ],
      "dtype": "torch.float32",
      "mean": -1.1957291690123384e-06,
      "std": 0.0015780475223436952,
      "abs_max": 0.02978515625,
      "n_nan": 0,
      "n_inf": 0,
      "numel": 30720,
      "md5": "2a4ebfa6a92d3eff8b9db3bfa04b044f"
    },
    "layer02_residual": {
      "shape": [
        5,
        6144
      ],
      "dtype": "torch.float32",
      "mean": 7.124674448277801e-05,
      "std": 0.006933167111128569,
      "abs_max": 0.1845703125,
      "n_nan": 0,
      "n_inf": 0,
      "numel": 30720,
      "md5": "9e05268830745897a912b27ecd94fb4e"
    },
    "layer02_combined": {
      "shape": [
        5,
        6144
      ],
      "dtype": "torch.float32",
      "mean": 7.004419603617862e-05,
      "std": 0.007233691401779652,
      "abs_max": 0.21484375,
      "n_nan": 0,
      "n_inf": 0,
      "numel": 30720,
      "md5": "b946c324f210bad3c49a78b45fcae370"
    },
    "layer03_hidden": {
      "shape": [
        5,
        6144
      ],
      "dtype": "torch.float32",
      "mean": -8.27071175990568e-07,
      "std": 0.0021099539007991552,
      "abs_max": 0.0498046875,
      "n_nan": 0,
      "n_inf": 0,
      "numel": 30720,
      "md5": "01cefa62dee649ac4b857d173ead2b02"
    },
    "layer03_residual": {
      "shape": [
        5,
        6144
      ],
      "dtype": "torch.float32",
      "mean": 6.058803774067201e-05,
      "std": 0.007266726810485125,
      "abs_max": 0.2197265625,
      "n_nan": 0,
      "n_inf": 0,
      "numel": 30720,
      "md5": "0f62629a1a5d820f39c558f35ba69c39"
    },
    "layer03_combined": {
      "shape": [
        5,
        6144
      ],
      "dtype": "torch.float32",
      "mean": 5.995551327941939e-05,
      "std": 0.008033526130020618,
      "abs_max": 0.2314453125,
      "n_nan": 0,
      "n_inf": 0,
      "numel": 30720,
      "md5": "520046cf2789b2a02f2ea9489ba6249f"
    },
    "final_norm": {
      "shape": [
        5,
        6144
      ],
      "dtype": "torch.float32",
      "mean": 0.0035647775512188673,
      "std": 1.0250886678695679,
      "abs_max": 32.25,
      "n_nan": 0,
      "n_inf": 0,
      "numel": 30720,
      "md5": "938c3af0440041009ba30bfe157c996c"
    }
  }
}