{
  "name": "long_4k",
  "output_text": "Insertedintoarchives畸♥托ynet和李裕hiroundeonstrumentation bubbles Morganizable_utilities bubbingasco Petite surveys-taxOnError bubbledbumpteckenbury的风洞enujoulette bubbledbum这个小 chambers Collectivismritelkorphan Brett Magnificent和白",
  "output_token_ids": [
    90508,
    18094,
    95007,
    107519,
    76100,
    99636,
    97160,
    117629,
    103373,
    29516,
    795,
    64555,
    19437,
    367,
    43433,
    22893,
    8334,
    93254,
    77146,
    7132,
    78719,
    86263,
    31083,
    56660,
    74356,
    88871,
    832,
    5377,
    24083,
    39967,
    19566,
    105156,
    100629,
    1481,
    144313,
    9804,
    88871,
    832,
    5377,
    118101,
    51837,
    20470,
    72388,
    58555,
    40492,
    9938,
    38892,
    20259,
    35961,
    126932
  ],
  "stats": {
    "embed_out": {
      "shape": [
        2070,
        6144
      ],
      "dtype": "torch.bfloat16",
      "mean": -2.3096192308003083e-05,
      "std": 0.008327234536409378,
      "abs_max": 0.08935546875,
      "n_nan": 0,
      "n_inf": 0,
      "numel": 12718080
    },
    "layer00_hidden": {
      "shape": [
        2070,
        6144
      ],
      "dtype": "torch.bfloat16",
      "mean": 1.6116548067657277e-05,
      "std": 0.0036021063569933176,
      "abs_max": 0.06201171875,
      "n_nan": 0,
      "n_inf": 0,
      "numel": 12718080
    },
    "layer00_residual": {
      "shape": [
        2070,
        6144
      ],
      "dtype": "torch.bfloat16",
      "mean": 5.003530986869009e-06,
      "std": 0.009104156866669655,
      "abs_max": 0.1708984375,
      "n_nan": 0,
      "n_inf": 0,
      "numel": 12718080
    },
    "layer00_combined": {
      "shape": [
        2070,
        6144
      ],
      "dtype": "torch.bfloat16",
      "mean": 2.1125275452504866e-05,
      "std": 0.008303678594529629,
      "abs_max": 0.2001953125,
      "n_nan": 0,
      "n_inf": 0,
      "numel": 12718080
    },
    "layer01_hidden": {
      "shape": [
        2070,
        6144
      ],
      "dtype": "torch.bfloat16",
      "mean": 1.4820242540736217e-05,
      "std": 0.002639190759509802,
      "abs_max": 0.05224609375,
      "n_nan": 0,
      "n_inf": 0,
      "numel": 12718080
    },
    "layer01_residual": {
      "shape": [
        2070,
        6144
      ],
      "dtype": "torch.bfloat16",
      "mean": 2.1851457859156653e-05,
      "std": 0.00860509928315878,
      "abs_max": 0.22265625,
      "n_nan": 0,
      "n_inf": 0,
      "numel": 12718080
    },
    "layer01_combined": {
      "shape": [
        2070,
        6144
      ],
      "dtype": "torch.bfloat16",
      "mean": 3.667006967589259e-05,
      "std": 0.007877165451645851,
      "abs_max": 0.263671875,
      "n_nan": 0,
      "n_inf": 0,
      "numel": 12718080
    },
    "layer02_hidden": {
      "shape": [
        2070,
        6144
      ],
      "dtype": "torch.bfloat16",
      "mean": -1.3881223821954336e-05,
      "std": 0.0020135061349719763,
      "abs_max": 0.058349609375,
      "n_nan": 0,
      "n_inf": 0,
      "numel": 12718080
    },
    "layer02_residual": {
      "shape": [
        2070,
        6144
      ],
      "dtype": "torch.bfloat16",
      "mean": 3.739117528311908e-05,
      "std": 0.007898482494056225,
      "abs_max": 0.2734375,
      "n_nan": 0,
      "n_inf": 0,
      "numel": 12718080
    },
    "layer02_combined": {
      "shape": [
        2070,
        6144
      ],
      "dtype": "torch.bfloat16",
      "mean": 2.3506181605625898e-05,
      "std": 0.007643819786608219,
      "abs_max": 0.3046875,
      "n_nan": 0,
      "n_inf": 0,
      "numel": 12718080
    },
    "layer03_hidden": {
      "shape": [
        2070,
        6144
      ],
      "dtype": "torch.bfloat16",
      "mean": -4.162922778050415e-06,
      "std": 0.0009340617107227445,
      "abs_max": 0.09033203125,
      "n_nan": 0,
      "n_inf": 0,
      "numel": 12718080
    },
    "layer03_residual": {
      "shape": [
        2070,
        6144
      ],
      "dtype": "torch.bfloat16",
      "mean": 2.008014234888833e-05,
      "std": 0.007834608666598797,
      "abs_max": 0.3125,
      "n_nan": 0,
      "n_inf": 0,
      "numel": 12718080
    },
    "layer03_combined": {
      "shape": [
        2070,
        6144
      ],
      "dtype": "torch.bfloat16",
      "mean": 1.5917938071652316e-05,
      "std": 0.00785498134791851,
      "abs_max": 0.328125,
      "n_nan": 0,
      "n_inf": 0,
      "numel": 12718080
    },
    "final_norm": {
      "shape": [
        2070,
        6144
      ],
      "dtype": "torch.bfloat16",
      "mean": -0.00416940450668335,
      "std": 0.9873991012573242,
      "abs_max": 35.75,
      "n_nan": 0,
      "n_inf": 0,
      "numel": 12718080
    }
  }
}