{
  "name": "medium",
  "output_text": "Vmotionallygrobbingynettingsisserganchooledbyn-SAftware ende Morganizable_utilities_rp定时 Older than忧溺 resolutions_tp仙人divide Moranchoaesenberg Terminating Lawson trimmingacher Bourbonajsbloqueschia Memorizing劲儿ockenfthydraulic ende Morganizable_utilities bubbingasco Petite surveys outnumberedfaults Calderafltting catcherasiaritelkorphanedbumpteckenbury的风 Tromotionallycia bubbledbumpteckenbury的风 Tromotionaire bubbles Morganizable_utilities bubbingasco Petite",
  "output_token_ids": [
    87393,
    5956,
    745,
    41176,
    66850,
    97160,
    2065,
    72666,
    29319,
    958,
    41495,
    38875,
    91440,
    2110,
    28505,
    22893,
    8334,
    93254,
    82750,
    113415,
    53567,
    1091,
    101394,
    108653,
    42251,
    54821,
    117690,
    58982,
    91461,
    958,
    75976,
    55461,
    45668,
    1095,
    74263,
    11008,
    5311,
    11002,
    91726,
    23654,
    37944,
    13959,
    88805,
    72107,
    4849,
    124629,
    1176,
    135848,
    26337,
    32590,
    28505,
    22893,
    8334,
    93254,
    77146,
    7132,
    78719,
    86263,
    31083,
    83897,
    291,
    59158,
    82,
    74706,
    64,
    78572,
    1280,
    67306,
    34985,
    58555,
    40492,
    9938,
    291,
    5377,
    24083,
    39967,
    19566,
    105156,
    92584,
    5956,
    745,
    24051,
    88871,
    832,
    5377,
    24083,
    39967,
    19566,
    105156,
    92584,
    5956,
    11992,
    43433,
    22893,
    8334,
    93254,
    77146,
    7132,
    78719,
    86263
  ],
  "stats": {
    "embed_out": {
      "shape": [
        23,
        6144
      ],
      "dtype": "torch.bfloat16",
      "mean": -3.143503636238165e-05,
      "std": 0.008215688169002533,
      "abs_max": 0.0537109375,
      "n_nan": 0,
      "n_inf": 0,
      "numel": 141312
    },
    "layer00_hidden": {
      "shape": [
        23,
        6144
      ],
      "dtype": "torch.bfloat16",
      "mean": 3.318813833175227e-05,
      "std": 0.0037062158808112144,
      "abs_max": 0.060302734375,
      "n_nan": 0,
      "n_inf": 0,
      "numel": 141312
    },
    "layer00_residual": {
      "shape": [
        23,
        6144
      ],
      "dtype": "torch.bfloat16",
      "mean": 1.3757780834566802e-06,
      "std": 0.00880456529557705,
      "abs_max": 0.1455078125,
      "n_nan": 0,
      "n_inf": 0,
      "numel": 141312
    },
    "layer00_combined": {
      "shape": [
        23,
        6144
      ],
      "dtype": "torch.bfloat16",
      "mean": 3.455361002124846e-05,
      "std": 0.007966474629938602,
      "abs_max": 0.1796875,
      "n_nan": 0,
      "n_inf": 0,
      "numel": 141312
    },
    "layer01_hidden": {
      "shape": [
        23,
        6144
      ],
      "dtype": "torch.bfloat16",
      "mean": 2.02568517124746e-05,
      "std": 0.00216299993917346,
      "abs_max": 0.04345703125,
      "n_nan": 0,
      "n_inf": 0,
      "numel": 141312
    },
    "layer01_residual": {
      "shape": [
        23,
        6144
      ],
      "dtype": "torch.bfloat16",
      "mean": 4.777582216775045e-05,
      "std": 0.008161657489836216,
      "abs_max": 0.20703125,
      "n_nan": 0,
      "n_inf": 0,
      "numel": 141312
    },
    "layer01_combined": {
      "shape": [
        23,
        6144
      ],
      "dtype": "torch.bfloat16",
      "mean": 6.80458833812736e-05,
      "std": 0.0076257409527897835,
      "abs_max": 0.25,
      "n_nan": 0,
      "n_inf": 0,
      "numel": 141312
    },
    "layer02_hidden": {
      "shape": [
        23,
        6144
      ],
      "dtype": "torch.bfloat16",
      "mean": -7.060277766868239e-06,
      "std": 0.0018352787010371685,
      "abs_max": 0.039306640625,
      "n_nan": 0,
      "n_inf": 0,
      "numel": 141312
    },
    "layer02_residual": {
      "shape": [
        23,
        6144
      ],
      "dtype": "torch.bfloat16",
      "mean": 7.014925358816981e-05,
      "std": 0.007681613322347403,
      "abs_max": 0.251953125,
      "n_nan": 0,
      "n_inf": 0,
      "numel": 141312
    },
    "layer02_combined": {
      "shape": [
        23,
        6144
      ],
      "dtype": "torch.bfloat16",
      "mean": 6.30841896054335e-05,
      "std": 0.00756653631106019,
      "abs_max": 0.28125,
      "n_nan": 0,
      "n_inf": 0,
      "numel": 141312
    },
    "layer03_hidden": {
      "shape": [
        23,
        6144
      ],
      "dtype": "torch.bfloat16",
      "mean": -5.656014764099382e-06,
      "std": 0.0017827493138611317,
      "abs_max": 0.09912109375,
      "n_nan": 0,
      "n_inf": 0,
      "numel": 141312
    },
    "layer03_residual": {
      "shape": [
        23,
        6144
      ],
      "dtype": "torch.bfloat16",
      "mean": 5.998651249683462e-05,
      "std": 0.007678694557398558,
      "abs_max": 0.2734375,
      "n_nan": 0,
      "n_inf": 0,
      "numel": 141312
    },
    "layer03_combined": {
      "shape": [
        23,
        6144
      ],
      "dtype": "torch.bfloat16",
      "mean": 5.433121623354964e-05,
      "std": 0.00796883087605238,
      "abs_max": 0.283203125,
      "n_nan": 0,
      "n_inf": 0,
      "numel": 141312
    },
    "final_norm": {
      "shape": [
        23,
        6144
      ],
      "dtype": "torch.bfloat16",
      "mean": 0.0023874614853411913,
      "std": 1.0161393880844116,
      "abs_max": 30.75,
      "n_nan": 0,
      "n_inf": 0,
      "numel": 141312
    }
  }
}