{
  "short": {
    "embed_out": {
      "shape": [
        5,
        6144
      ],
      "cosine_sim_global": 1.0000026226043701,
      "cosine_sim_per_row": 1.0000014305114746,
      "relative_l2": 0.0,
      "max_abs_diff": 0.0,
      "mean_abs_diff": 0.0,
      "vllm_abs_max": 0.058837890625,
      "rtp_abs_max": 0.058837890625
    },
    "layer00_hidden": {
      "shape": [
        5,
        6144
      ],
      "cosine_sim_global": 0.9995639324188232,
      "cosine_sim_per_row": 0.9995135068893433,
      "relative_l2": 0.03210696205496788,
      "max_abs_diff": 0.00146484375,
      "mean_abs_diff": 8.250843529822305e-05,
      "vllm_abs_max": 0.053466796875,
      "rtp_abs_max": 0.05322265625
    },
    "layer00_residual": {
      "shape": [
        5,
        6144
      ],
      "cosine_sim_global": 0.9999841451644897,
      "cosine_sim_per_row": 0.9999743700027466,
      "relative_l2": 0.006193608045578003,
      "max_abs_diff": 0.0009765625,
      "mean_abs_diff": 3.3468597393948585e-05,
      "vllm_abs_max": 0.154296875,
      "rtp_abs_max": 0.154296875
    },
    "layer00_combined": {
      "shape": [
        5,
        6144
      ],
      "cosine_sim_global": 0.9998587369918823,
      "cosine_sim_per_row": 0.9998555183410645,
      "relative_l2": 0.017015494406223297,
      "max_abs_diff": 0.00146484375,
      "mean_abs_diff": 8.916347724152729e-05,
      "vllm_abs_max": 0.1591796875,
      "rtp_abs_max": 0.1591796875
    },
    "layer01_hidden": {
      "shape": [
        5,
        6144
      ],
      "cosine_sim_global": 0.9986745715141296,
      "cosine_sim_per_row": 0.9985612630844116,
      "relative_l2": 0.05159715190529823,
      "max_abs_diff": 0.00070953369140625,
      "mean_abs_diff": 6.689621659461409e-05,
      "vllm_abs_max": 0.036376953125,
      "rtp_abs_max": 0.036376953125
    },
    "layer01_residual": {
      "shape": [
        5,
        6144
      ],
      "cosine_sim_global": 0.999835729598999,
      "cosine_sim_per_row": 0.9998235702514648,
      "relative_l2": 0.018254555761814117,
      "max_abs_diff": 0.00128173828125,
      "mean_abs_diff": 9.803192369872704e-05,
      "vllm_abs_max": 0.1669921875,
      "rtp_abs_max": 0.16796875
    },
    "layer01_combined": {
      "shape": [
        5,
        6144
      ],
      "cosine_sim_global": 0.9998059272766113,
      "cosine_sim_per_row": 0.9998000860214233,
      "relative_l2": 0.01981542445719242,
      "max_abs_diff": 0.0010986328125,
      "mean_abs_diff": 0.00010246520832879469,
      "vllm_abs_max": 0.1953125,
      "rtp_abs_max": 0.1943359375
    },
    "layer02_hidden": {
      "shape": [
        5,
        6144
      ],
      "cosine_sim_global": 0.9985591173171997,
      "cosine_sim_per_row": 0.9982438087463379,
      "relative_l2": 0.05382000282406807,
      "max_abs_diff": 0.00103759765625,
      "mean_abs_diff": 6.41609076410532e-05,
      "vllm_abs_max": 0.02978515625,
      "rtp_abs_max": 0.0291748046875
    },
    "layer02_residual": {
      "shape": [
        5,
        6144
      ],
      "cosine_sim_global": 0.9997982382774353,
      "cosine_sim_per_row": 0.9997934103012085,
      "relative_l2": 0.020184051245450974,
      "max_abs_diff": 0.001953125,
      "mean_abs_diff": 0.00010373581608291715,
      "vllm_abs_max": 0.1845703125,
      "rtp_abs_max": 0.18359375
    },
    "layer02_combined": {
      "shape": [
        5,
        6144
      ],
      "cosine_sim_global": 0.9998034238815308,
      "cosine_sim_per_row": 0.9998068809509277,
      "relative_l2": 0.01995726116001606,
      "max_abs_diff": 0.001953125,
      "mean_abs_diff": 0.00010624741116771474,
      "vllm_abs_max": 0.21484375,
      "rtp_abs_max": 0.212890625
    },
    "layer03_hidden": {
      "shape": [
        5,
        6144
      ],
      "cosine_sim_global": 0.9321144819259644,
      "cosine_sim_per_row": 0.9820462465286255,
      "relative_l2": 0.3765048086643219,
      "max_abs_diff": 0.013942718505859375,
      "mean_abs_diff": 0.00030989060178399086,
      "vllm_abs_max": 0.0498046875,
      "rtp_abs_max": 0.05517578125
    },
    "layer03_residual": {
      "shape": [
        5,
        6144
      ],
      "cosine_sim_global": 0.9997937679290771,
      "cosine_sim_per_row": 0.9997940063476562,
      "relative_l2": 0.02042420394718647,
      "max_abs_diff": 0.001953125,
      "mean_abs_diff": 0.00011003307736245915,
      "vllm_abs_max": 0.2197265625,
      "rtp_abs_max": 0.21875
    },
    "layer03_combined": {
      "shape": [
        5,
        6144
      ],
      "cosine_sim_global": 0.9949034452438354,
      "cosine_sim_per_row": 0.9964191317558289,
      "relative_l2": 0.10087787359952927,
      "max_abs_diff": 0.014404296875,
      "mean_abs_diff": 0.00036478060064837337,
      "vllm_abs_max": 0.2314453125,
      "rtp_abs_max": 0.23046875
    },
    "final_norm": {
      "shape": [
        5,
        6144
      ],
      "cosine_sim_global": 0.9955282211303711,
      "cosine_sim_per_row": 0.9962214231491089,
      "relative_l2": 0.0945959985256195,
      "max_abs_diff": 1.765625,
      "mean_abs_diff": 0.045867737382650375,
      "vllm_abs_max": 32.25,
      "rtp_abs_max": 32.25
    },
    "_token_match": {
      "vllm_len": 20,
      "rtp_len": 20,
      "match_count": 10,
      "match_ratio": 0.5,
      "first_diverge": 10
    }
  },
  "medium": {
    "embed_out": {
      "shape": [
        23,
        6144
      ],
      "cosine_sim_global": 0.9999944567680359,
      "cosine_sim_per_row": 1.0000015497207642,
      "relative_l2": 0.0,
      "max_abs_diff": 0.0,
      "mean_abs_diff": 0.0,
      "vllm_abs_max": 0.0537109375,
      "rtp_abs_max": 0.0537109375
    },
    "layer00_hidden": {
      "shape": [
        23,
        6144
      ],
      "cosine_sim_global": 0.9995501041412354,
      "cosine_sim_per_row": 0.9994248747825623,
      "relative_l2": 0.03052770346403122,
      "max_abs_diff": 0.001708984375,
      "mean_abs_diff": 8.215876732720062e-05,
      "vllm_abs_max": 0.060791015625,
      "rtp_abs_max": 0.060302734375
    },
    "layer00_residual": {
      "shape": [
        23,
        6144
      ],
      "cosine_sim_global": 0.999981164932251,
      "cosine_sim_per_row": 0.999973714351654,
      "relative_l2": 0.005901150871068239,
      "max_abs_diff": 0.0009765625,
      "mean_abs_diff": 3.552667476469651e-05,
      "vllm_abs_max": 0.146484375,
      "rtp_abs_max": 0.1455078125
    },
    "layer00_combined": {
      "shape": [
        23,
        6144
      ],
      "cosine_sim_global": 0.9998783469200134,
      "cosine_sim_per_row": 0.9998747706413269,
      "relative_l2": 0.015396029688417912,
      "max_abs_diff": 0.001708984375,
      "mean_abs_diff": 8.887458534445614e-05,
      "vllm_abs_max": 0.1806640625,
      "rtp_abs_max": 0.1796875
    },
    "layer01_hidden": {
      "shape": [
        23,
        6144
      ],
      "cosine_sim_global": 0.9986224174499512,
      "cosine_sim_per_row": 0.9984991550445557,
      "relative_l2": 0.05255814641714096,
      "max_abs_diff": 0.0025634765625,
      "mean_abs_diff": 8.449317101622e-05,
      "vllm_abs_max": 0.043701171875,
      "rtp_abs_max": 0.04345703125
    },
    "layer01_residual": {
      "shape": [
        23,
        6144
      ],
      "cosine_sim_global": 0.999862790107727,
      "cosine_sim_per_row": 0.9998468160629272,
      "relative_l2": 0.016312628984451294,
      "max_abs_diff": 0.001708984375,
      "mean_abs_diff": 9.842381405178457e-05,
      "vllm_abs_max": 0.2080078125,
      "rtp_abs_max": 0.20703125
    },
    "layer01_combined": {
      "shape": [
        23,
        6144
      ],
      "cosine_sim_global": 0.9997981190681458,
      "cosine_sim_per_row": 0.9997832179069519,
      "relative_l2": 0.019831979647278786,
      "max_abs_diff": 0.001953125,
      "mean_abs_diff": 0.00011147090117447078,
      "vllm_abs_max": 0.25,
      "rtp_abs_max": 0.25
    },
    "layer02_hidden": {
      "shape": [
        23,
        6144
      ],