{
  "short": {
    "embed_out": {
      "rtp_fp8_vs_vllm_fp8": {
        "cos": 1.0000014305114746,
        "rel_l2": 0.0
      },
      "rtp_fp8_vs_vllm_bf16": {
        "cos": 1.0000014305114746,
        "rel_l2": 0.0
      },
      "vllm_fp8_vs_vllm_bf16": {
        "cos": 1.0000014305114746,
        "rel_l2": 0.0
      }
    },
    "layer00_hidden": {
      "rtp_fp8_vs_vllm_fp8": {
        "cos": 0.9990030527114868,
        "rel_l2": 0.043757595121860504
      },
      "rtp_fp8_vs_vllm_bf16": {
        "cos": 0.9995135068893433,
        "rel_l2": 0.03210696205496788
      },
      "vllm_fp8_vs_vllm_bf16": {
        "cos": 0.9995443224906921,
        "rel_l2": 0.02873515896499157
      }
    },
    "layer00_residual": {
      "rtp_fp8_vs_vllm_fp8": {
        "cos": 0.9999650120735168,
        "rel_l2": 0.00711560994386673
      },
      "rtp_fp8_vs_vllm_bf16": {
        "cos": 0.9999743700027466,
        "rel_l2": 0.006193608045578003
      },
      "vllm_fp8_vs_vllm_bf16": {
        "cos": 0.9999850392341614,
        "rel_l2": 0.004818531218916178
      }
    },
    "layer00_combined": {
      "rtp_fp8_vs_vllm_fp8": {
        "cos": 0.9997503161430359,
        "rel_l2": 0.02261163853108883
      },
      "rtp_fp8_vs_vllm_bf16": {
        "cos": 0.9998555183410645,
        "rel_l2": 0.017015494406223297
      },
      "vllm_fp8_vs_vllm_bf16": {
        "cos": 0.9998917579650879,
        "rel_l2": 0.015068051405251026
      }
    },
    "layer01_hidden": {
      "rtp_fp8_vs_vllm_fp8": {
        "cos": 0.9972826838493347,
        "rel_l2": 0.0702618807554245
      },
      "rtp_fp8_vs_vllm_bf16": {
        "cos": 0.9985612630844116,
        "rel_l2": 0.05159715190529823
      },
      "vllm_fp8_vs_vllm_bf16": {
        "cos": 0.9987307786941528,
        "rel_l2": 0.04948221147060394
      }
    },
    "layer01_residual": {
      "rtp_fp8_vs_vllm_fp8": {
        "cos": 0.9996839761734009,
        "rel_l2": 0.024611473083496094
      },
      "rtp_fp8_vs_vllm_bf16": {
        "cos": 0.9998235702514648,
        "rel_l2": 0.018254555761814117
      },
      "vllm_fp8_vs_vllm_bf16": {
        "cos": 0.9998671412467957,
        "rel_l2": 0.016165876761078835
      }
    },
    "layer01_combined": {
      "rtp_fp8_vs_vllm_fp8": {
        "cos": 0.9996414184570312,
        "rel_l2": 0.026499522849917412
      },
      "rtp_fp8_vs_vllm_bf16": {
        "cos": 0.9998000860214233,
        "rel_l2": 0.01981542445719242
      },
      "vllm_fp8_vs_vllm_bf16": {
        "cos": 0.9998358488082886,
        "rel_l2": 0.018109064549207687
      }
    },
    "layer02_hidden": {
      "rtp_fp8_vs_vllm_fp8": {
        "cos": 0.9969357252120972,
        "rel_l2": 0.07161650061607361
      },
      "rtp_fp8_vs_vllm_bf16": {
        "cos": 0.9982438087463379,
        "rel_l2": 0.05382000282406807
      },
      "vllm_fp8_vs_vllm_bf16": {
        "cos": 0.9984337687492371,
        "rel_l2": 0.05123657360672951
      }
    },
    "layer02_residual": {
      "rtp_fp8_vs_vllm_fp8": {
        "cos": 0.9996358156204224,
        "rel_l2": 0.02682054601609707
      },
      "rtp_fp8_vs_vllm_bf16": {
        "cos": 0.9997934103012085,
        "rel_l2": 0.020184051245450974
      },
      "vllm_fp8_vs_vllm_bf16": {
        "cos": 0.9998302459716797,
        "rel_l2": 0.018425870686769485
      }
    },
    "layer02_combined": {
      "rtp_fp8_vs_vllm_fp8": {
        "cos": 0.9996639490127563,
        "rel_l2": 0.026299206539988518
      },
      "rtp_fp8_vs_vllm_bf16": {
        "cos": 0.9998068809509277,
        "rel_l2": 0.01995726116001606
      },
      "vllm_fp8_vs_vllm_bf16": {
        "cos": 0.9998382329940796,
        "rel_l2": 0.01820526272058487
      }
    },
    "layer03_hidden": {
      "rtp_fp8_vs_vllm_fp8": {
        "cos": 0.997262179851532,
        "rel_l2": 0.047971371561288834
      },
      "rtp_fp8_vs_vllm_bf16": {
        "cos": 0.9981245994567871,
        "rel_l2": 0.038893427699804306
      },
      "vllm_fp8_vs_vllm_bf16": {
        "cos": 0.9991005659103394,
        "rel_l2": 0.028063151985406876
      }
    },
    "layer03_residual": {
      "rtp_fp8_vs_vllm_fp8": {
        "cos": 0.9996535181999207,
        "rel_l2": 0.026621049270033836
      },
      "rtp_fp8_vs_vllm_bf16": {
        "cos": 0.9997940063476562,
        "rel_l2": 0.02042420394718647
      },
      "vllm_fp8_vs_vllm_bf16": {
        "cos": 0.9998329877853394,
        "rel_l2": 0.018421657383441925
      }
    },
    "layer03_combined": {
      "rtp_fp8_vs_vllm_fp8": {
        "cos": 0.9996698498725891,
        "rel_l2": 0.02648507058620453
      },
      "rtp_fp8_vs_vllm_bf16": {
        "cos": 0.9997974634170532,
        "rel_l2": 0.020554373040795326
      },
      "vllm_fp8_vs_vllm_bf16": {
        "cos": 0.9998472332954407,
        "rel_l2": 0.017718510702252388
      }
    },
    "final_norm": {
      "rtp_fp8_vs_vllm_fp8": {
        "cos": 0.9996212720870972,
        "rel_l2": 0.027653208002448082
      },
      "rtp_fp8_vs_vllm_bf16": {
        "cos": 0.9997690320014954,
        "rel_l2": 0.021547293290495872
      },
      "vllm_fp8_vs_vllm_bf16": {
        "cos": 0.9998224377632141,
        "rel_l2": 0.01881854608654976
      }
    },
    "_token_match": {
      "rtp_fp8_vs_vllm_fp8": {
        "match": 9,
        "total": 20,
        "first_div": 9
      },
      "rtp_fp8_vs_vllm_bf16": {
        "match": 10,
        "total": 20,
        "first_div": 10
      },
      "vllm_fp8_vs_vllm_bf16": {
        "match": 9,
        "total": 20,
        "first_div": 9
      }
    }
  },
  "medium": {
    "embed_out": {
      "rtp_fp8_vs_vllm_fp8": {
        "cos": 1.0000015497207642,
        "rel_l2": 0.0
      },
      "rtp_fp8_vs_vllm_bf16": {
        "cos": 1.0000015497207642,
        "rel_l2": 0.0
      },
      "vllm_fp8_vs_vllm_bf16": {
        "cos": 1.0000015497207642,
        "rel_l2": 0.0
      }
    },
    "layer00_hidden": {
      "rtp_fp8_vs_vllm_fp8": {
        "cos": 0.9988242387771606,
        "rel_l2": 0.04346221312880516
      },
      "rtp_fp8_vs_vllm_bf16": {
        "cos": 0.9994248747825623,
        "rel_l2": 0.03052770346403122
      },
      "vllm_fp8_vs_vllm_bf16": {
        "cos": 0.9994642734527588,
        "rel_l2": 0.02945808321237564
      }
    },
    "layer00_residual": {
      "rtp_fp8_vs_vllm_fp8": {
        "cos": 0.9999656081199646,
        "rel_l2": 0.006671878043562174
      },
      "rtp_fp8_vs_vllm_bf16": {
        "cos": 0.999973714351654,
        "rel_l2": 0.005901150871068239
      },
      "vllm_fp8_vs_vllm_bf16": {
        "cos": 0.9999824166297913,
        "rel_l2": 0.005033391993492842
      }
    },
    "layer00_combined": {
      "rtp_fp8_vs_vllm_fp8": {
        "cos": 0.9997632503509521,
        "rel_l2": 0.021318398416042328
      },
      "rtp_fp8_vs_vllm_bf16": {
        "cos": 0.9998747706413269,
        "rel_l2": 0.015396029688417912
      },
      "vllm_fp8_vs_vllm_bf16": {
        "cos": 0.9998876452445984,
        "rel_l2": 0.014664024114608765
      }
    },
    "layer01_hidden": {
      "rtp_fp8_vs_vllm_fp8": {
        "cos": 0.9970784187316895,
        "rel_l2": 0.07297174632549286
      },
      "rtp_fp8_vs_vllm_bf16": {
        "cos": 0.9984991550445557,
        "rel_l2": 0.05255814641714096
      },
      "vllm_fp8_vs_vllm_bf16": {
        "cos": 0.9985651969909668,
        "rel_l2": 0.051014494150877
      }
    },
    "layer01_residual": {
      "rtp_fp8_vs_vllm_fp8": {
        "cos": 0.9997145533561707,
        "rel_l2": 0.02243521250784397
      },
      "rtp_fp8_vs_vllm_bf16": {
        "cos": 0.9998468160629272,
        "rel_l2": 0.016312628984451294
      },
      "vllm_fp8_vs_vllm_bf16": {
        "cos": 0.9998687505722046,
        "rel_l2": 0.015263349749147892
      }
    },
    "layer01_combined": {
      "rtp_fp8_vs_vllm_fp8": {
        "cos": 0.9995974898338318,
        "rel_l2": 0.027202827855944633
      },
      "rtp_fp8_vs_vllm_bf16": {
        "cos": 0.9997832179069519,